NZT240-CEPEK,ALI001
NZT240-CEPEK,ALI002
NZT260-CEXEK,ALI003
NZT260-CEXEK,ALI004
ZZT240-CEPEK,ALI005
ZZT240-CEPEK,ALI006
ZRT260-CEXEK,ALI007
ZRT260-CEXEP,ALI008
AZT240-CEXGH,ALI009
AZT240-CEXGH,ALI010
ZRT261-CEXGP,ALI011
ZRT261-CEXGP,ALI012
NZE121-AEPEK,ALL001
NZE121-AEPEK,ALL002
NZE121-AEPEK,ALL003
ZZE122-BHPEK,ALL004
ZZE122-BHPEK,ALL005
ZZE123-BHPQF,ALL006
ZZE123-BHPQF,ALL007
ZZE123-BHPQF,ALL008
GGH20W-PFTQK,ALP001
ATH10W-PFXGB,ALP003
ATH10W-PRXGB,ALP004
ANH10W-PRPGK,ALP006
ANH10W-PRPSK,ALP007
GGH20W-PFTQK,ALP008
GGH30W-PFTQK,ALP009
AGH30W-PFXSK,ALP010
AYH30W-PFXGB,ALP011
ANH20W-PRXQK,ALP014
ANH20W-PRXQK,ALP015
MNH10W-PFPGK,ALP017
MNH10W-PFPGK,ALP018
ATH20W-PFXQB,ALP024
GGH30W-PFZQK,ALP028
GXE10-AEPVK,ALT001
SXE10-AEAVF,ALT002
GXE10-AEPVK,ALT003
SXE10-AEAVF,ALT004
JCE10W-AWAVF,ALT005
NHP10-AHXEB,AQU001
NHP10-AHXEB,AQU002
NHP10-AHXEB,AQU003
JZS160-BEPQF,ARI001
JZS161-BEPVZ,ARI002
JZS160-BEAQF,ARI003
JZS161-BEPVZ,ARI004
NZE151H-BHXNK,ARS001
ZRE152H-BHXEK,ARS002
NZE154H-BHXNK,ARS003
ZRE152H-BHXEK,ARS004
NZE151H-BHXNK,ARS005
ZRE152H-BHXEP,ARS006
NZE181H-BHXNK,ARS007
NRE185H-BHXNZ,ARS008
ZRE186H-BHXNP,ARS009
NZE181H-BHXNK,ARS010
ZRE186H-BHXNP,ARS011
ZWE186H-BHXNB,ARS012
AZT250-AEPGH,AVE001
AZT250W-AWPGH,AVE002
AZT250-AEPNH,AVE003
AZT250W-AWPNH,AVE004
AZT251-AEAQH,AVE005
AZT251W-AWAQH,AVE006
ZRT272W-AWXEP,AVE007
ZRT272W-AWXGP,AVE008
ZRT272W-AWXEP,AVE009
NZE141-AEXEK,AXI001
ZRE142-AEXGK,AXI002
NZE141-AEXEK,AXI003
ZRE142-AEXGK,AXI004
NZE161-AEXEK,AXI005
ZRE162G-AWXSP,AXI006
NRE160-AEXNK,AXI007
NKE165-AEXEB,AXI008
NZE164-AEXEK,AXI009
ZRE162G-AWXSP,AXI010
NRE160-AEXNK,AXI011
NRE161-AEXEB,AXI012
NKE165-AEXEB,AXI013
NRE160-AEXNK,AXI014
NZE161-AEMNK,AXI015
NRE161-AEXNB,AXI016
ZRE162G-AWXSP,AXI017
NKE165-AEXNB,AXI018
ZRE142-AEXGP,AXI019
NCP30-DHSNK,BB001
NCP31-DHSGK,BB002
QNC21-BHSGK,BB003
QNC20-BHSXK,BB004
QNC21-BHSGK,BB005
QNC20-BHSXK,BB006
KSP92-BEXNK,BEL001
SCP92-BEXEK,BEL002
NCP96-BEPEK,BEL003
SCP92-BEXEK,BEL004
KSP92-BEXNK,BEL005
NCP96-BEPEK,BEL006
AZE154H-CHXEK,BLA001
GRE156H-CHTEK,BLA002
AZE154H-CHXEK,BLA003
GRE156H-CHTEK,BLA004
JCG10-CEAVH,BRE001
JCG11-CEAZH,BRE002
ET196V-DXHDK,CAL001
AT211G-DWPEK,CAL002
ST210G-DWPGK,CAL003
ST215G-DWPVF,CAL004
ST215W-DWPZZ,CAL005
CT197V-DXPDE,CAL006
CT216G-DWPET,CAL007
ZZT241W-DWPEK,CAL008
ST246W-DWPZZ,CAL009
AZT241W-DWPGH,CAL010
ZZT241W-DWPEK,CAL011
ST246W-DWPZZ,CAL012
AZT241W-DWPGH,CAL013
100E-GPDE,CAM001
J102E-GPZJ,CAM002
J102E-GPDF,CAM003
AT210-CEPVF,CAR001
AT211-CEPEK,CAR002
AT212-CEPMK,CAR003
ST215-CEPMK,CAR004
SXV20-FEPNK,CAY001
MCV21-FEPNK,CAY002
ACV30-AEPNK,CAY003
ACV40-AEANK,CAY004
ACV40-AEANK,CAY005
AVV50-AEXNB,CAY006
AVV50-AEXNB,CAY007
AXVH70-AEXNB,CAY008
ZZT230-BLPGH,CEL001
ZZT231-BLPVF,CEL002
SX100-BTPNK,CHA001
GX100-BTPQK,CHA002
JZX100-BTPQF,CHA003
JZX100-BTPVZ,CHA004
JZX101-BTPZF,CHA005
NGX50-AHXEX,CHR001
ZYX10-AHXEB,CHR002
NGX10-AHXEX,CHR003
ZYX11-AHXEB,CHR004
YXS10-AEPDN,COM001
TSS10-AEPDC,COM002
JZX100-CEPSF,CRE001
GX100-CEPSK,CRE002
JZX100-CEASF,CRE003
JZX100-CEPVZ,CRE004
JZX101-CEPZF,CRE005
GS151-AEPJK,CRO001
JZS151-AEPQF,CRO002
JZS153-AEPJF,CRO003
JZS155-AEPQF,CRO004
GS171-AEPSK,CRO005
JZS171-AEPQF,CRO006
JZS171-AEPVZ,CRO007
UZS171-CEAZK,CRO008
JZS173-AEPXF,CRO009
JZS175-AEAQH,CRO010
UZS175-CEAQK,CRO011
JZS177-CEAQH,CRO012
JZS179-AEPQF,CRO013
JZS171W-AWAXH,CRO014
JZS171W-AWAXH,CRO015
JZS173W-AWPXF,CRO016
JZS173W-AWPXF,CRO017
JZS175W-AWAXH,CRO018
JZS175W-AWAXH,CRO019
YXS10-AEPDN,CRO020
TSS10-AEPDC,CRO021
GRS180-AEAQH,CRO022
GRS180-AEAXH,CRO023
GRS180-AETQH,CRO024
GRS180-AETXH,CRO025
GRS181-AEASH,CRO026
GRS182-AETQH,CRO027
GRS182-AETXH,CRO028
GRS182-AETUH,CRO029
GRS183-AETQH,CRO030
GRS184-AETXH,CRO031
UZS186-CETQK,CRO032
UZS187-CETZK,CRO033
GRS200-AETQH,CRO034
GRS200-AETXH,CRO035
GRS201-AETQH,CRO036
GRS202-AETQH,CRO037
GRS203-AETQH,CRO038
GRS204-AETXH,CRO039
GWS204-AEXZH,CRO040
GRS200-AETQH),CRO041
GRS200-AETXH,CRO042
GRS201-AETQH,CRO043
GRS202-AETQH,CRO044
GRS203-AETQH,CRO045
GRS204-AETXH,CRO046
GWS204-AEXZH,CRO047
AWS210-AEXQH,CRO048
AWS210-AEXWH,CRO049
GRS210-AETQH,CRO050
GRS210-AETWH,CRO051
GRS211-AETQH,CRO052
GRS211-AETWH,CRO053
GRS214-AEZYH,CRO054
GWS214-AEXZB,CRO055
ARS210-AEZWZ,CRO056
AWS210-AEXWH,CRO057
AWS211-AEXQH,CRO058
AWS211-AEXWH,CRO059
GRS214-AEZXH,CRO060
GWS214-AEXZB,CRO061
ARS220-AEZGZ,CRO062
ARS220-AEZRZ,CRO063
AZSH20-AEXGB,CRO064
AZSH20-AEXRB,CRO065
AZSH21-AEXGB,CRO066
AZSH21-AEXRB,CRO067
GWS224-AEXAB,CRO068
GWS224-AEXPB,CRO069
M100A-GPGF,DUE001
M100A-GPGE,DUE002
M101A-GQGE,DUE003
TCR10W-RRSQV,EST001
TCR11W-RFSGV,EST002
TCR20W-RRSQV,EST003
TCR21W-RFSGV,EST004
ACR30W-MRSQK,EST005
ACR40W-MRSQK,EST006
MCR30W-MRSQK,EST007
MCR40W-MRSQK,EST008
ACR50W-GFXQK,EST009
ACR55W-GFXQK,EST010
GSR50W-GFTQK,EST011
GSR55W-GFTQK,EST012
ACR50W-GFXQK,EST013
ACR55W-GFXQK,EST014
GSR55W-GFTSK,EST015
ACR50W-GFXQK,EST016
ACR55W-GFXQK,EST017
GSR50W-GFTQK,EST018
GSR55W-GFTQK,EST019
ACR50W-GFXSK,EST020
ACR55W-GFXSK,EST021
AHR10W-MFEGB,EST022
AHR20W-GRXQB,EST023
AHR20W-GFXQB,EST024
AHR20W-GFXQB,EST025
AHR20W-GFXSB),EST026
NZE121G-AWPNK,FIE001
NZE121-AEPEK,FIE002
NZE120-AEPNK,FIE003
ZZE122G-AWPEK,FIE004
ZZE122-AEPGK,FIE005
ZZE123G-AWPQF,FIE006
NZE144G-AWXNK,FIE007
NZE141-AEMEK,FIE008
ZRE144G-AWXEK,FIE009
NZE141G-AWXNK,FIE010
NZE141-AEXEK,FIE011
ZRE142G-AWXEK,FIE012
ZRE142-AEXGK,FIE013
NZE141G-AWXNK,FIE014
NZE141-AEXEK,FIE015
ZRE142-AEXGP,FIE016
ZRE142G-AWXEP,FIE017
NZE161-AEXEK,FIE018
NZE161G-AWXEK,FIE019
NRE160-AEXNK,FIE020
ZRE162G-AWXSP,FIE021
NZE164G-AWXEK,FIE022
NZE164-AEXEK,FIE023
NKE165G-AWXEB,FIE024
NKE165-AEXEB,FIE025
NRE160-AEXNK,FIE026
NRE161G-AWXEB,FIE027
NRE161-AEXEB,FIE028
ZRE162G-AWXSP,FIE029
NZE164G-AWXEK,FIE030
NZE164-AEXEK,FIE031
NKE165-AEXEB,FIE032
NKE165G-AWXNB,FIE033
NRE160-AEXNK,FIE034
NRE161-AEXNB,FIE035
NRE161G-AWXNB,FIE036
ZRE162G-AWXSP,FIE037
GSJ10L-GKASKA,FJ001
GSJ15L-GKASKA,FJ002
GSJ15W-GKASK,FJ003
NCP20-CHSDK,FUN001
NCP25-CHSGK,FUN002
SXM10G-BRSEK,GAI001
SXM15G-BPSEK,GAI002
CXM10G-BPSET,GAI003
ACM10G-BPSEH,GAI004
SXU10W-AWPGK,HAR001
SXU15W-AWPGK,HAR002
MCU10W-AWPGK,HAR003
MCU15W-AWPGK,HAR004
ACU10W-AWPGK,HAR005
ACU15W-AWPGK,HAR006
MCU30W-AWAGK,HAR007
MCU31W-AWAGK,HAR007
MCU35W-AWAGK,HAR008
MCU36W-AWAGK,HAR008
ACU30W-AWPGK,HAR009
ACU35W-AWPGK,HAR010
ACU30W-AWPGK,HAR011
ACU35W-AWPGK,HAR012
GSU30W-AWAGK,HAR013
GSU31W-AWAGK,HAR013
GSU35W-AWAGK,HAR014
GSU36W-AWAGK,HAR014
AXUH80-ANXGB,HAR015
AXUH85-ANXGB,HAR016
MXUA80-ANXGB,HAR017
MXUA85-ANXGB,HAR018
MHU38W-AWXGK,HAR019
AVU65W-ANXMB,HAR020
ZSU60W-ANXGP,HAR021
ZSU65W-ANXGP,HAR022
AVU65W-ANXGB,HAR023
ZSU60W-ANXGP,HAR024
ZSU65W-ANXGP,HAR025
ASU60W-ANTGT,HAR026
ASU65W-ANTGT,HAR027
ACU30W-AWPGK,HAR028
ACU35W-AWPGK,HAR029
SXU10W-AWPGK,HAR030
SXU15W-AWPGK,HAR031
MCU10W-AWPGK,HAR032
MCU15W-AWPGK,HAR033
TRH200V-RBMDK,HIA001
TRH200V-RBMDK,HIA002
TRH200K-FMPDK,HIA003
TRH200K-FMPDK,HIA004
KDH200V-RBMDY,HIA005
RZH102V-RRMDE,HIA006
RZH102V-SRMDE,HIA007
RZH101G-MRPGE,HIA008
KZH100G-JRPET,HIA009
KZH106W-MRPGT,HIA010
LH172K-ERPDS,HIA011
LH162V-SRPDS,HIA012
LH178V-RHMES,HIA013
LH178V-SRMDS,HIA014
KDH200V-SFPDY,HIA015
KDH205V-RHPDY,HIA016
KDH205V-SFPDY,HIA017
TRH221K-LRPDK,HIA018
TRH221K-LRPDK,HIA019
TRH226K-LRPDK,HIA020
TRH226K-LRPDK,HIA021
KDH201K-ERMDY,HIA022
KDH201K-ERMDY,HIA023
KDH201K-FMMDY,HIA024
KDH201K-FMMDY,HIA025
KDH206K-ERMDY,HIA026
KDH206K-ERMDY,HIA027
TRH200K-ERMDK,HIA028
TRH200K-ERMDK,HIA029
TRH200K-FMMDK,HIA030
TRH200K-FMMDK,HIA031
TRH214W-JDPDK,HIA032
TRH219W-JDPNK,HIA033
TRH221K-LRTDK,HIA034
TRH226K-LRTDK,HIA035
KDH206K-FRMDY,HIA036
KDH206K-FRMDY,HIA037
MCU20L-BWPNKA,HIG001
MCU25L-BWPNKA,HIG002
ACU20L-BWPNKA,HIG003
ACU25L-BWPNKA,HIG004
ACU20L-BRPNKA,HIG005
ACU25L-BRPNKA,HIG006
MCU23L-BRANKA,HIG007
MCU28L-BRANKA,HIG008
MHU23L-BRXNKA,HIG009
MHU28L-BRXNKA,HIG010
ASU40L-BRTNKA,HIG011
GSU40L-BRANKA,HIG012
GSU45L-BRANKA,HIG013
MHU48L-BRXMKA,HIG014
ASU40L-ARTNKA,HIG015
GSU40L-ARANKA,HIG016
GSU45L-ARANKA,HIG017
GVU48L-BRXNKA,HIG018
ASU50L-ARTNKA,HIG019
GSU50L-ARTGKA,HIG020
GSU55L-ARTGKA,HIG021
GVU58L-ARXGKA,HIG022
ASU50L-ARTNKA,HIG023
GSU50L-ARZGHA,HIG024
GSU55L-ARZGHA,HIG025
GVU58L-ARXGHA,HIG026
GSU70L-ARZGHA,HIG027
GSU75L-ARZGHA,HIG028
AXUH70L-ARXGHA,HIG029
AXUH78L-ARXGHA,HIG030
RZN152H-CRPQE,HIL001
RZN169H-PRPQK,HIL002
RZN174H-CRPQK,HIL003
LN172H-CRMQS,HIL004
RZN147-TRPDE,HIL005
LN147-PRMDS,HIL006
LN167-PRMDS,HIL007
KDN185W-GAPGY,HIL008
KZN185W-GAPXH,HIL009
RZN180W-GAPVK,HIL010
RZN185W-GAPVK,HIL011
VZN180W-GAPXK,HIL012
VZN185W-GAPGK,HIL013
KDN215W-GKPGY,HIL014
RZN210W-GKPXK,HIL015
RZN215W-GKPGK,HIL016
VZN210W-GKPXK,HIL017
VZN215W-GKPGK,HIL018
GRN215W-GKAGK,HIL019
TRN210W-GKPXK,HIL020
TRN215W-GKPGK,HIL021
GUN125-DTTHH,HIL022
CXM10G-ARSET,IPS001
SXM10G-ARSSK,IPS002
SXM15G-ARSEK,IPS003
ACM21W-ARSEK,IPS004
ACM26W-ARSEK,IPS005
KGJ10-BGXNG,IQ001
NGJ10-BGXNG,IQ002
ZNM10G-AWPEK,ISI001
ANM10G-AWXGH,ISI002
ANM15G-AWXGH,ISI003
ZGM10G-AWXEP,ISI004
ZGM15G-AWXGP,ISI005
ZGM11G-AWXGP,ISI006
NCP60-HHPNK,IST001
NCP61-HHPGK,IST002
NCP65-HHPGK,IST003
NCP61-HHPGK,IST004
NCP65-HHPGK,IST005
NCP60-HHPNK,IST006
NCP110-AHXDK,IST007
NCP115-AHXEK,IST008
ZSP110-AHPEK,IST009
MCU20W-BWPGK,KLU001
MCU25W-BWPGK,KLU002
ACU20W-BWPGK,KLU003
ACU25W-BWPGK,KLU004
ACU20W-BWPGK,KLU005
ACU25W-BWPGK,KLU006
MCU20W-BRAGK,KLU007
MCU25W-BRAGK,KLU008
MHU28W-BRXGK,KLU009
HZJ70V-MNU,LAN001
HZJ71-KJMNS,LAN002
UZJ200L-GMAEKW,LAN0020
VDJ200L-GMTEZW,LAN0021
URJ202L-GMTEKW,LAN0022
VDJ200L-GMTEZW,LAN0023
URJ202L-GMTEKW ,LAN0024
URJ202L-GMTEKW ,LAN0025
VDJ200L-GMTEZW,LAN0027
URJ200L-GNTEK,LAN0029
FZJ80G-GNPEK,LAN003
URJ200L-GNTEKA,LAN0030
URJ200L-GNZVKA,LAN0031
HDJ81V-RNMEW,LAN004
HZJ81V-RNPES,LAN005
KZJ95L-GKMNTW,LAN006
KZJ95L-GKMNTW,LAN007
UZJ100W-GNPEK,LAN008
HDJ101K-RNMEZ,LAN009
UZJ100W-GNAEK,LAN010
HDJ101K-RNAGZ,LAN011
UZJ200W-GNAAK,LAN012
VDJ200L-GNTEZW,LAN013
VDJ200L-GMTEZW,LAN016
URJ202W-GMTNK,LAN017
URJ202W-GMTNK,LAN018
VDJ200L-GMTEZW,LAN019
URJ202W-GNTAK,LAN032
GS151-AEPJK,MAJ001
JZS151-AEPQF,MAJ002
JZS153-AEPJF,MAJ003
JZS155-AEPQF,MAJ004
GS171-AEPSK,MAJ005
JZS171-AEPQF,MAJ006
JZS171-AEPVZ,MAJ007
UZS171-CEAZK,MAJ008
JZS173-AEPXF,MAJ009
JZS175-AEAQH,MAJ010
UZS175-CEAQK,MAJ011
JZS177-CEAQH,MAJ012
JZS179-AEPQF,MAJ013
JZS171W-AWAXH,MAJ014
JZS173W-AWPXF,MAJ015
JZS175W-AWAXH,MAJ016
JZS171W-AWAXH,MAJ017
JZS173W-AWPXF,MAJ018
JZS175W-AWAXH,MAJ019
GX100-ATPQK,MAR001
GX105-ATPQK,MAR002
JZX100-ATPQF,MAR003
JZX105-ATPQF,MAR004
JZX100-ATMV,MAR005
MCV20W-HWPGK,MAR006
JZX101-ATPZF,MAR007
LX100-ATPQT,MAR008
MCV21W-HWPGK,MAR009
SXV20W-HWPGK,MAR010
GX110-AEPQK,MAR011
GX115-AEPQK,MAR012
JZX110-AEASH,MAR013
JZX115-AEPZF,MAR014
JZX110-AEMVZ,MAR015
GX110W-AWPSK,MAR016
GX115W-AWPSK,MAR017
JZX110W-AWASH,MAR018
JZX115W-AWPSF,MAR019
JZX110W-AWPVZ,MAR020
GX110-AEPQK,MAR021
GX115-AEPQK,MAR022
JZX110-AEASH,MAR023
JZX115-AEPZF,MAR024
JZX110-AEMVZ,MAR025
GRX121-AETUH,MAR026
GRX120-AETZH,MAR027
GRX125-AEAZH,MAR028
GRX121-AETUH,MAR029
GRX125-AEAZH,MAR030
GRX133-AETSH,MAR031
GRX130-AETZH,MAR032
GRX135-AETZH,MAR033
GRX133-AETUH,MAR034
GRX130-AETZH,MAR035
GRX135-AETZH,MAR036
GRX133-AETTH,MAR037
GRX130-AETZH,MAR038
GRX135-AETZH,MAR039
ANA10-AWXQK,MAR040
ANA15-AWXQK,MAR041
ZZE130L-DEMSKA,MAT001
ZZE132L-DHPDKA,MAT002
ZZE131L-DEFSFA,MAT003
ZZE133L-DHFSFA,MAT004
ZRE142L-DHPDKA,MAT005
ZRE142L-DHPDKA,MAT006
AZE141L-DHANKA,MAT007
JPD10-CEDSS,MIR001
ZZW30-AKMQH,MRS001
ZZW30-AKFQH,MRS002
ACN10-AHSEH,NAD001
ACN15-AHSEH,NAD002
SXN15-AHSSK,NAD003
AZR60G-ARSEH,NOA001
AZR65G-ARSEH,NOA002
AZR60G-ANENH,NOA003
AZR65G-ANENH,NOA004
ZRR70G-ARXGK,NOA005
ZRR75G-ARXGK,NOA006
ZRR70W-APXSP,NOA007
ZRR75W-APXSP,NOA008
ZRR70G-APXGP,NOA009
ZRR75G-APXGP,NOA010
ZWR80G-APXEB,NOA011
ZRR80G-APXGP,NOA012
ZRR85G-APXGP,NOA013
ZWR80G-APXGB,NOA014
ZRR80G-APXGP,NOA015
ZRR85G-APXGP,NOA016
ZCT10-ZHSEK,OPA001
ZCT15-ZHSEK,OPA002
ACT10-ZHEGH,OPA003
KGC10-AHSAK,PAS001
KGC15-AHSBK,PAS002
QNC10-AHSDK,PAS003
KGC10-AHSAK,PAS004
KGC15-AHSCK,PAS005
QNC10-AHSDK,PAS006
KGC30-AHEAK,PAS007
KGC35-AHECK,PAS008
NGC30-AHEEK,PAS009
KGC30-AHEAK,PAS010
KGC35-AHECK,PAS011
NGC30-AHEEK,PAS012
M700A-GBNE,PAS013
M710A-GBNE,PAS014
M700A-GBNE2,PAS015
M710A-GBNE2,PAS016
NCP12-BEMNK,PLA001
SCP11-BEPNK,PLA002
NCP16-BEPEK,PLA003
KZJ95W-GGPST,PRA001
RZJ95W-GGPSK,PRA002
VZJ95W-GKPGK,PRA003
KDJ120W-GGPEY,PRA004
RZJ120W-GGPEK,PRA005
VZJ120W-GKPEK,PRA006
KDJ120W-GGPEY,PRA007
TRJ120W-GGPEK,PRA008
GRJ120W-GKAEK,PRA009
GRJ150W-GKAEK,PRA010
TRJ150W-GGPEK,PRA011
KDJ150L-GKFEYW,PRA012
GRJ150W-GKAEK,PRA013
TRJ150W-GGPEK,PRA014
KDJ150L-GKAEYW,PRA015
GDJ150W-GGTEY,PRA016
TRJ150W-GGTEK,PRA017
GRJ150L-GKTEKW,PRA018
KDJ150L-GKAEYW,PRA019
GDJ150W-GGTEY,PRA020
TRJ150W-GGTEK,PRA021
NZT240-CEPEK,PRE001
NZT240-CEPEK,PRE002
NZT260-CEXEK,PRE003
NZT260-CEXEK,PRE004
ZZT240-CEPEK,PRE005
ZZT240-CEPEK,PRE006
ZRT260-CEXEK,PRE007
ZRT260-CEXEP,PRE008
AZT240-CEXGH,PRE009
AZT240-CEXGH,PRE010
ZRT261-CEXGP,PRE011
ZRT261-CEXGP,PRE012
JCG10-AEPVF,PRG001
JCG15-AEPVF,PRG002
JCG11-AEPZF,PRG003
JCG10-AEAVH,PRG004
JCG15-AEPVH,PRG005
JCG11-AEAZH,PRG006
NHW10-AEEEB,PRI001
NHW11-AEEGB),PRI002
NHW20-AHEGB,PRI003
NHW20-AHEEB,PRI004
ZVW30-AHXGB,PRI005
ZVW30-AHXGB,PRI006
ZVW35-BHXGB,PRI007
ZVW50-AHXEB,PRI008
ZVW51-AHXBB,PRI009
ZVW55-AHXGB,PRI010
ZVW51-AHXEB,PRI011
ZVW55-AHXEB,PRI012
ZVW40W-AWXGB,PRI013
ZVW41W-AXXGB,PRI014
ZVW40W-AWXGB,PRI015
ZVW41W-AXXGB,PRI016
ZVW52-AHXEB,PRI017
ZVW52-AHXGB,PRI018
NLP51V-EXMGX,PRO001
NCP51V-EXPDK,PRO002
NCP55V-EXPDK,PRO003
NCP58G-EWPLK,PRO004
NCP59G-EWPLK,PRO005
NCP50V-EXPDK,PRO006
NSP160V-EXXDK,PRO007
NCP160V-EXXGK,PRO008
NCP165V-EXXGK,PRO009
NCP100-CHXGK,RAC001
NCP105-CHPGK,RAC002
SCP100-CHXNK,RAC003
NCP100-CHXGK,RAC004
NCP105-CHPGK,RAC005
SCP100-CHXNK,RAC006
NSP120-CHXGK,RAC007
NCP120-CHXGK,RAC008
NCP125-CHXGK,RAC009
NSP120-CHXGB,RAC010
NCP120-CHXGK,RAC011
NCP125-CHXGK,RAC012
LAND ROVER,RAN001
EXZ10-AHSXK,RAU001
EXZ15-AHSXK,RAU002
NCZ20-AHPXK,RAU003
NCZ25-AHPXK,RAU004
ACA20W-AZPNH,RAV001
ACA21W-AWPNH,RAV002
ZCA25W-AZPNK,RAV003
ZCA26W-AWPNK,RAV004
SXA11G-AWPGK,RAV005
SXA16G-AWPGK,RAV006
SXA11W-AWPSF,RAV007
ACA31W-AWXSK,RAV008
ACA36W-AWXGK,RAV009
ACA31W-AWXGK,RAV010
ACA36W-AWXGK,RAV011
ACA31W-AWXZK,RAV012
ACA36W-AWXZK,RAV013
ALA40L-ANFGRW,RAV014
ALA49L-ANTGXW,RAV015
ALA49L-ANTGYW,RAV016
ZSA44L-ANXGPW,RAV017
ALA49L-ANTGXX,RAV018
ALA49L-ANFGRX,RAV019
ZSA44L-ANXGPW,RAV020
ZSA42L-ANYGKX,RAV021
ZSA44L-ANYGKX,RAV022
ASA44L-ANTGKX,RAV023
AVA42L-ANXGBW,RAV024
WWA42L-ANFGRW,RAV025
AXAH52-ANXMB,RAV026
MXAA54-ANXGB,RAV027
AXAA54L-ANZGBW,RAV028
AXAA52L-ANZGB,RAV029
AXAP54-ANXMB,RAV030
AXAA54L-ANZXBV,RAV031
AXAA52R-ANZGB,RAV032
M900A-AGBGE,ROO001
M910A-AGBGE,ROO002
M900A-AGBGJ,ROO003
NZE151N-FHXEK,RUM001
NZE151N-FHXNK,RUM002
ZRE152N-FHXSK,RUM003
ZRE152N-FHXSP,RUM004
ZRE154N-FHXSK,RUM005
ZRE154N-FHXSP,RUM006
RZN180L-GKMSK,RUN001
VZN180L-GKPGK,RUN002
GRN210L-GKPGK,RUN003
UZN210L-GKAGKA,RUN004
GRN210L-GKAGK,RUN005
UZN210L-GKAGKA,RUN006
KZN185L-GKMSX,RUN007
KZN185L-GKMST,RUN008
KZN215L-GKPGT,RUN009
J200E-GQPF,RUS001
J210E-GQGF,RUS002
J200E-GQPF,RUS003
J210E-GQPF,RUS004
NZE121-AEPEK,RUX001
ZZE123-BHPQF,RUX002
NZE121-AEPEK,RUX003
ZZE122-BHPEK,RUX004
ZZE123-BHPQF,RUX005
NZE121-AEPEK,RUX006
ZZE122-BHPEK,RUX007
ZZE123-BHPQF,RUX008
AZK10-BEXSB,SAI001
AZK10-BEXSB,SAI002
UCK35L-GKBLKA,SEQ001
UCK45L-GKBLKA,SEQ001
UCK60L-GKALKA,SEQ002
NCP81G-KWXGK,SIE001
NCP85G-KWPGK,SIE002
NCP81G-KWXGK,SIE003
NCP85G-KWPGK,SIE004
NCP81G-KWXGK,SIE005
NCP85G-KWPGK,SIE006
NCP175G-MRXQK,SIE007
NHP170G-MRXQB,SIE008
NSP170G-MWXQB,SIE009
NCP175G-MRXQK,SIE010
NHP170G-MWXQB,SIE011
NSP170G-MWXQB,SIE012
AE111N-FWPEK,SPA001
AE115N-FWPEK,SPA002
NZE121N-FPPNK,SPA003
ZZE122N-FPPGK,SPA004
ZZE124N-FPPGK,SPA005
NLP51V-FXMDX,SUC001
NCP51V-FXPDK,SUC002
NCP55V-EXPDK,SUC003
NCP58G-EWPLK,SUC004
NCP59G-EWPLK,SUC005
NCP160V-FXXGK,SUC006
NCP165V-FXXGK,SUC007
JZA80-ALPVF,SUP001
JZA80-ALPVZ,SUP002
RZN140L-TRPDKAB,TAC001
RZN150L-CRMDKAB,TAC002
RZN161L-TRPDKAB,TAC003
RZN171L-CRPDKAB,TAC004
RZN196L-CRPDKAB,TAC005
VZN170L-PRPDKAB,TAC006
VZN195L-CRPDKAB,TAC007
GRN250L-PRADKA,TAC008
GRN265L-CRADK,TAC009
TRN260L-TRMDKA,TAC010
GRN265L-PRADKA,TAC011
GRN265L-CRADKA,TAC012
TRN265L-PRPDKA,TAC013
TRN260L-TRMDK,TAC014
GRN265L-PRADKA,TAC015
GRN265L-CRADKA,TAC016
TRN265L-PRPDKA,TAC017
TRN265L-CRPDKA,TAC018
GRN305L-PRFSHA,TAC019
GRN305L-CRFSHA,TAC020
TRN245L-CRMSKA,TAC021
GRN305L-PRTLHA,TAC022
GRN305L-CRTSHA,TAC023
TRN265L-PRTSKA,TAC024
TRN265L-CRTSKA,TAC025
GRN305L-PRTLHA,TAC026
GRN305L-CRTSHA,TAC027
TRN265L-PRTSKA,TAC028
TRN265L-CRTSKA,TAC029
M900A-BGBGE,TAN001
M910A-BGBGE,TAN002
M900A-BGBGJ,TAN003
UCK30L-ARSLKA,TUN001
UCK40L-ARSSKA,TUN002
VCK30L-ARSLKA,TUN003
VCK40L-ARSLKA,TUN004
UCK30L-ARSLKA,TUN005
UCK40L-ARSLKA,TUN006
VCK30L-ARSSKA,TUN007
VCK40L-ARMSKA,TUN008
GSK30L-ARBSKA,TUN009
UCK30L-ARBLKA,TUN010
UCK40L-ARSLKA,TUN011
VCK30L-ARSSKA,TUN012
VCK40L-ARSSKA,TUN013
GSK50L-TRADKA,TUN014
UCK51L-CRASKA,TUN015
UCK50L-TRADKA,TUN016
USK51L-CRTLKA,TUN017
USK50L-TRTDKA,TUN018
GSK51L-CRASKA,TUN019
GSK50L-TRADKA,TUN020
UPK51L-CRTSKA,TUN021
UPK50L-TRTDKA,TUN022
USK56L-CRTLGA,TUN023
USK55L-TRTDGA,TUN024
USK51L-CRTLKA,TUN025
USK51L-THTDKA,TUN026
GSK51L-THASKA,TUN028
UPK51L-CRTSKA,TUN029
USK56L-CRTLGA,TUN030
USK56L-THTSGA,TUN031
USK56L-CRTLKA,TUN032
USK51L-THTSKA,TUN033
UPK51L-CRTSKA,TUN034
USK56L-CRTLGA,TUN035
USK51L-CRTLKA,TUN036
ACA31W-AWXGK,VAN001
ACA36W-AWXGK,VAN002
ACA33W-BNXGK,VAN003
ACA38W-BNXGK,VAN004
GSA33W-BPAGK,VAN005
ACA33W-BNXGK,VAN006
ACA38W-BNXGK,VAN007
GSA33W-BNAGK,VAN008
ACA31W-AWXZK,VAN009
ACA36W-AWXZK,VAN010
ANH20W-NRXQK,VEL001
ANH20W-NRXGK,VEL002
AGH30W-NFXQK,VEL003
GGH20W-NFTQK,VEL004
GGH20W-NFTQK,VEL005
GGH30W-PFTRK,VEL006
ATH20W-PFXQB,VEL007
AYH30W-NFXGB,VEL008
GX110-BEPSK,VER001
GX115-BEPSK,VER002
JZX110-BEASH,VER003
JZX110-BEMVZ,VER004
NCP13-AGMVK,VIT001
NCP13-AHMVK,VIT002
SCP10-AGPDK,VIT003
SCP10-AHPDK,VIT004
NCP10-AGPVK,VIT005
NCP10-AHPVK,VIT006
NCP15-AGPNK,VIT007
NCP15-AHPEK,VIT008
KSP90-AHXDK,VIT009
NCP91-AHXNK,VIT010
NCP95-AHPEK,VIT011
SCP90-AHXEK,VIT012
KSP90-AHXDK,VIT013
NCP91-AHMVK,VIT014
NCP95-AHPEK,VIT015
SCP90-AHXEK,VIT016
KSP90-AHXDK,VIT017
NCP91-AHXEK,VIT018
NCP95-AHPEK,VIT019
SCP90-AHXEK,VIT020
KSP130-AHXGK,VIT021
NSP130-AHXEK,VIT022
NSP135-AHXEK,VIT023
NCP131-AHXEK,VIT024
KSP130-AHXGK,VIT025
NSP135-AHXEK,VIT026
NSP130-AHXEB,VIT027
NCP131-AHXEK,VIT028
KSP130-AHXGK,VIT029
NSP135-AHXEK,VIT030
NSP130-AHXEB,VIT031
NCP131-AHXVK,VIT032
NHP130-AHXEB,VIT033
NSP131-CGFNB,VIT034
ZZE136-BHPNK,VOL001
ZZE138-BHPNK,VOL002
ZZE137-BHPSF,VOL003
AZR60G-BRSEH,VOX001
AZR65G-BRSEH,VOX002
AZR60G-BNENH,VOX003
AZR65G-BPEEH,VOX004
ZRR70G-BPXEK,VOX005
ZRR75G-BPXEK,VOX006
ZRR70W-BPXSP,VOX007
ZRR75W-BPXSP,VOX008
ZRR70G-BPXEP,VOX009
ZRR75G-BPXEP,VOX010
ZWR80G-BPXEB,VOX011
ZRR80G-BPXGP,VOX012
ZRR85G-BPXGP,VOX013
ZWR80W-BPXSB,VOX014
ZRR80W-BPXSP,VOX015
ZRR85W-BPXSP,VOX016
ZZE127-AHPNK,WIL001
NCP19-DESNK,WIL002
ZZE129-AHPNK,WIL003
ZZE128-AHPNF,WIL004
NCP75-JHPNK,WIL005
NCP70-JHPNK,WIL006
MCV20-ATPGK,WIN001
MCV21-ATPGK,WIN002
MCV30-BEAGK,WIN003
ANE10G-HPXGH,WIS001
ZNE10G-HPPNK,WIS002
ZNE14G-HPPNK,WIS003
ANE10G-HPXGH,WIS004
ZNE10G-HPPNK,WIS005
ZNE14G-HPPNK,WIS006
ZGE20G-HPXNP,WIS007
ZGE25G-HPXNP,WIS008
ZGE21G-HPXGP,WIS009
ZGE20G-HPXGP,WIS010
ZGE25G-HPXGP,WIS011
ZGE22W-HWXQP,WIS012
SCP10L-CHMRKW,YAR001
SCP10L-CGMRKW,YAR002
NLP10L-CGMGXW,YAR003
NLP10L-CHMRXW,YAR004
SCP10L-CHGRKW,YAR005
SCP10L-CGGRKW,YAR006
SCP12L-CGMRKW,YAR007
SCP12L-CHPGKW,YAR008
NCP10L-AHPRK,YAR009
NCP10R-AHPRKQ,YAR010
SCP10R-AHPRK,YAR011
NCP13R-AHMVKQ,YAR012
NCP91R-AHPRKQ,YAR013
NCP90L-AHPRK,YAR014